<ImportExportXml version="9.2.25051.154" SolutionPackageVersion="9.2" languagecode="1033" generatedBy="CrmLive" xmlns:xsi="http://www.w3.org/2001/XMLSchema-instance" OrganizationVersion="9.2.25051.154" OrganizationSchemaType="Full" CRMServerServiceabilityVersion="9.2.25051.00168">
  <SolutionManifest>
    <UniqueName>SanSingularGestion</UniqueName>
    <LocalizedNames>
      <LocalizedName description="SanSingularGestion" languagecode="1033" />
    </LocalizedNames>
    <Descriptions />
    <Version>1.0.0.5</Version>
    <Managed>1</Managed>
    <Publisher>
      <UniqueName>DefaultPublisherlauravanessadiazacademia</UniqueName>
      <LocalizedNames>
        <LocalizedName description="Default Publisher for lauravanessadiazacademia" languagecode="1033" />
      </LocalizedNames>
      <Descriptions>
        <Description description="Default publisher for this organization" languagecode="1033" />
      </Descriptions>
      <EMailAddress xsi:nil="true"></EMailAddress>
      <SupportingWebsiteUrl xsi:nil="true"></SupportingWebsiteUrl>
      <CustomizationPrefix>new</CustomizationPrefix>
      <CustomizationOptionValuePrefix>10000</CustomizationOptionValuePrefix>
      <Addresses>
        <Address>
          <AddressNumber>1</AddressNumber>
          <AddressTypeCode xsi:nil="true"></AddressTypeCode>
          <City xsi:nil="true"></City>
          <County xsi:nil="true"></County>
          <Country xsi:nil="true"></Country>
          <Fax xsi:nil="true"></Fax>
          <FreightTermsCode xsi:nil="true"></FreightTermsCode>
          <ImportSequenceNumber xsi:nil="true"></ImportSequenceNumber>
          <Latitude xsi:nil="true"></Latitude>
          <Line1 xsi:nil="true"></Line1>
          <Line2 xsi:nil="true"></Line2>
          <Line3 xsi:nil="true"></Line3>
          <Longitude xsi:nil="true"></Longitude>
          <Name xsi:nil="true"></Name>
          <PostalCode xsi:nil="true"></PostalCode>
          <PostOfficeBox xsi:nil="true"></PostOfficeBox>
          <PrimaryContactName xsi:nil="true"></PrimaryContactName>
          <ShippingMethodCode xsi:nil="true"></ShippingMethodCode>
          <StateOrProvince xsi:nil="true"></StateOrProvince>
          <Telephone1 xsi:nil="true"></Telephone1>
          <Telephone2 xsi:nil="true"></Telephone2>
          <Telephone3 xsi:nil="true"></Telephone3>
          <TimeZoneRuleVersionNumber xsi:nil="true"></TimeZoneRuleVersionNumber>
          <UPSZone xsi:nil="true"></UPSZone>
          <UTCOffset xsi:nil="true"></UTCOffset>
          <UTCConversionTimeZoneCode xsi:nil="true"></UTCConversionTimeZoneCode>
        </Address>
        <Address>
          <AddressNumber>2</AddressNumber>
          <AddressTypeCode xsi:nil="true"></AddressTypeCode>
          <City xsi:nil="true"></City>
          <County xsi:nil="true"></County>
          <Country xsi:nil="true"></Country>
          <Fax xsi:nil="true"></Fax>
          <FreightTermsCode xsi:nil="true"></FreightTermsCode>
          <ImportSequenceNumber xsi:nil="true"></ImportSequenceNumber>
          <Latitude xsi:nil="true"></Latitude>
          <Line1 xsi:nil="true"></Line1>
          <Line2 xsi:nil="true"></Line2>
          <Line3 xsi:nil="true"></Line3>
          <Longitude xsi:nil="true"></Longitude>
          <Name xsi:nil="true"></Name>
          <PostalCode xsi:nil="true"></PostalCode>
          <PostOfficeBox xsi:nil="true"></PostOfficeBox>
          <PrimaryContactName xsi:nil="true"></PrimaryContactName>
          <ShippingMethodCode xsi:nil="true"></ShippingMethodCode>
          <StateOrProvince xsi:nil="true"></StateOrProvince>
          <Telephone1 xsi:nil="true"></Telephone1>
          <Telephone2 xsi:nil="true"></Telephone2>
          <Telephone3 xsi:nil="true"></Telephone3>
          <TimeZoneRuleVersionNumber xsi:nil="true"></TimeZoneRuleVersionNumber>
          <UPSZone xsi:nil="true"></UPSZone>
          <UTCOffset xsi:nil="true"></UTCOffset>
          <UTCConversionTimeZoneCode xsi:nil="true"></UTCConversionTimeZoneCode>
        </Address>
      </Addresses>
    </Publisher>
    <RootComponents>
      <RootComponent type="1" schemaName="cre02_asistencia" behavior="0" />
      <RootComponent type="1" schemaName="cre02_disciplina" behavior="0" />
      <RootComponent type="1" schemaName="cre02_nivel" behavior="0" />
      <RootComponent type="1" schemaName="cre02_torneo" behavior="0" />
      <RootComponent type="1" schemaName="new_alumno" behavior="0" />
      <RootComponent type="1" schemaName="new_clase" behavior="0" />
      <RootComponent type="1" schemaName="new_inscripciontorneo" behavior="0" />
      <RootComponent type="1" schemaName="new_materialentrenamiento" behavior="0" />
      <RootComponent type="1" schemaName="new_padre" behavior="0" />
      <RootComponent type="1" schemaName="new_participante" behavior="0" />
      <RootComponent type="1" schemaName="new_profesor" behavior="0" />
      <RootComponent type="1" schemaName="new_progreso" behavior="0" />
      <RootComponent type="20" id="{8d414339-3520-f011-998a-0022482f10ad}" behavior="0" />
      <RootComponent type="20" id="{a440a4c5-4420-f011-998a-0022482f10ad}" behavior="0" />
      <RootComponent type="29" id="{89a2a5e9-302f-f011-8c4e-0022482f10ad}" behavior="0" />
      <RootComponent type="29" id="{93873f69-b22d-f011-8c4e-0022482f10ad}" behavior="0" />
      <RootComponent type="61" schemaName="new_disciplina" behavior="0" />
      <RootComponent type="61" schemaName="new_gametournamentlineiconvector" behavior="0" />
      <RootComponent type="61" schemaName="new_libroSVG" behavior="0" />
      <RootComponent type="61" schemaName="new_SingularCollege" behavior="0" />
      <RootComponent type="62" schemaName="new_AppProfesores" behavior="0" />
      <RootComponent type="62" schemaName="new_SanSingularAdministrative" behavior="0" />
      <RootComponent type="80" schemaName="new_AppProfesores" behavior="0" />
      <RootComponent type="80" schemaName="new_SanSingularAdministrative" behavior="0" />
      <RootComponent type="300" schemaName="new_appalumnossingular_12c8d" behavior="0" />
      <RootComponent type="300" schemaName="new_inicio_fe459" behavior="0" />
      <RootComponent type="300" schemaName="new_powerpagesfamiliares_25da4" behavior="0" />
    </RootComponents>
    <MissingDependencies>
      <MissingDependency>
        <Required type="61" schemaName="adx_enable_traffic_analysis.svg" displayName="adx_enable_traffic_analysis.svg" solution="MicrosoftPortalWebForms (9.3.2501.2)">
          <package appName="Portal Solution" version="9.3.2501.156">CDSBasePortal (9.3.2501.156)</package>
        </Required>
        <Dependent type="62" schemaName="new_AppProfesores" />
      </MissingDependency>
      <MissingDependency>
        <Required type="61" schemaName="Swarming/_imgs/msdyn_ResolveSwarmIcon.svg" displayName="Swarming/_imgs/msdyn_ResolveSwarmIcon.svg" solution="msdyn_Swarming (9.0.25044.2012)">
          <package appName="ServiceExtended" version="9.0.25044.2012">msdyn_ServiceExtendedAnchor (9.0.25044.2012)</package>
        </Required>
        <Dependent type="62" schemaName="new_AppProfesores" />
      </MissingDependency>
      <MissingDependency>
        <Required type="connectionreference" displayName="cre02_sharedcommondataserviceforapps_cc68c" solution="Active" id.connectionreferencelogicalname="cre02_sharedcommondataserviceforapps_cc68c" />
        <Dependent type="29" displayName="NotificarTorneos" id="{89a2a5e9-302f-f011-8c4e-0022482f10ad}" />
      </MissingDependency>
      <MissingDependency>
        <Required type="connectionreference" displayName="cre02_sharedcommondataserviceforapps_cc68c" solution="Active" id.connectionreferencelogicalname="cre02_sharedcommondataserviceforapps_cc68c" />
        <Dependent type="29" displayName="NotificarAlumnoProgreso" id="{93873f69-b22d-f011-8c4e-0022482f10ad}" />
      </MissingDependency>
      <MissingDependency>
        <Required type="connectionreference" displayName="cre02_sharedoffice365_cff7f" solution="Active" id.connectionreferencelogicalname="cre02_sharedoffice365_cff7f" />
        <Dependent type="29" displayName="NotificarTorneos" id="{89a2a5e9-302f-f011-8c4e-0022482f10ad}" />
      </MissingDependency>
      <MissingDependency>
        <Required type="connectionreference" displayName="cre02_sharedoffice365_cff7f" solution="Active" id.connectionreferencelogicalname="cre02_sharedoffice365_cff7f" />
        <Dependent type="29" displayName="NotificarAlumnoProgreso" id="{93873f69-b22d-f011-8c4e-0022482f10ad}" />
      </MissingDependency>
      <MissingDependency>
        <Required type="SettingDefinition" displayName="AppChannel" solution="msdyn_AppFrameworkInfraExtensions (1.0.0.14)" id.uniquename="AppChannel">
          <package appName="PowerAppsAppFramework Package" version="1.0.0.19">PowerAppsAppFramework_Anchor (1.0.0.19)</package>
        </Required>
        <Dependent type="AppSetting" displayName="parentappmoduleid.uniquename=new_AppProfesores,settingdefinitionid.uniquename=AppChannel" id.parentappmoduleid.uniquename="new_AppProfesores" id.settingdefinitionid.uniquename="AppChannel" />
      </MissingDependency>
      <MissingDependency>
        <Required type="SettingDefinition" displayName="AppChannel" solution="msdyn_AppFrameworkInfraExtensions (1.0.0.14)" id.uniquename="AppChannel">
          <package appName="PowerAppsAppFramework Package" version="1.0.0.19">PowerAppsAppFramework_Anchor (1.0.0.19)</package>
        </Required>
        <Dependent type="AppSetting" displayName="parentappmoduleid.uniquename=new_SanSingularAdministrative,settingdefinitionid.uniquename=AppChannel" id.parentappmoduleid.uniquename="new_SanSingularAdministrative" id.settingdefinitionid.uniquename="AppChannel" />
      </MissingDependency>
    </MissingDependencies>
  </SolutionManifest>
</ImportExportXml>