{
  "properties": {
    "connectionReferences": {
      "shared_commondataserviceforapps": {
        "runtimeSource": "embedded",
        "connection": {
          "connectionReferenceLogicalName": "cre02_sharedcommondataserviceforapps_cc68c"
        },
        "api": {
          "name": "shared_commondataserviceforapps"
        }
      },
      "shared_office365": {
        "runtimeSource": "embedded",
        "connection": {
          "connectionReferenceLogicalName": "cre02_sharedoffice365_cff7f"
        },
        "api": {
          "name": "shared_office365"
        }
      }
    },
    "definition": {
      "$schema": "https://schema.management.azure.com/providers/Microsoft.Logic/schemas/2016-06-01/workflowdefinition.json#",
      "contentVersion": "1.0.0.0",
      "parameters": {
        "$connections": {
          "defaultValue": {},
          "type": "Object"
        },
        "$authentication": {
          "defaultValue": {},
          "type": "SecureObject"
        }
      },
      "triggers": {
        "Comprobación_diaria": {
          "recurrence": {
            "frequency": "Day",
            "interval": 1,
            "timeZone": "Romance Standard Time",
            "startTime": "2025-05-12T08:00:00Z",
            "schedule": {
              "hours": [
                "12"
              ],
              "minutes": [
                30
              ]
            }
          },
          "metadata": {
            "operationMetadataId": "3322f090-0805-4316-9da4-a6c3c932564a"
          },
          "type": "Recurrence"
        }
      },
      "actions": {
        "Lista_torneos": {
          "runAfter": {
            "Variable_fecha": [
              "Succeeded"
            ]
          },
          "metadata": {
            "operationMetadataId": "83e15463-84df-41dd-a240-5e978671ebf3"
          },
          "type": "OpenApiConnection",
          "inputs": {
            "host": {
              "connectionName": "shared_commondataserviceforapps",
              "operationId": "ListRecords",
              "apiId": "/providers/Microsoft.PowerApps/apis/shared_commondataserviceforapps"
            },
            "parameters": {
              "entityName": "cre02_torneos",
              "fetchXml": "<fetch>\n  <entity name=\"cre02_torneo\">\n    <attribute name=\"cre02_fecha\" />\n    <attribute name=\"cre02_nombre\" />\n    <filter>\n      <condition attribute=\"cre02_fecha\" operator=\"eq\" value=\"@{variables('FechaBusqueda')}\" />\n    </filter>\n  </entity>\n</fetch>"
            },
            "authentication": "@parameters('$authentication')"
          }
        },
        "Bucle_datos": {
          "foreach": "@outputs('Lista_torneos')?['body/value']",
          "actions": {
            "Lista_Inscripcion_torneos": {
              "runAfter": {},
              "metadata": {
                "operationMetadataId": "24d60d55-6c2f-48df-9438-4c2387a4aa8a"
              },
              "type": "OpenApiConnection",
              "inputs": {
                "host": {
                  "connectionName": "shared_commondataserviceforapps",
                  "operationId": "ListRecords",
                  "apiId": "/providers/Microsoft.PowerApps/apis/shared_commondataserviceforapps"
                },
                "parameters": {
                  "entityName": "new_inscripciontorneos",
                  "fetchXml": "<fetch>\n  <entity name=\"new_inscripciontorneo\">\n    <attribute name=\"new_torneo\" />\n    <attribute name=\"new_participante\" />\n    <filter>\n      <condition attribute=\"new_torneo\" operator=\"eq\" value=\"@{items('Bucle_datos')?['cre02_torneoid']}\" />\n    </filter>\n  </entity>\n</fetch>"
                },
                "authentication": "@parameters('$authentication')"
              }
            },
            "Bucle_email": {
              "foreach": "@outputs('Lista_Inscripcion_torneos')?['body/value']",
              "actions": {
                "Obtener_datos_participante": {
                  "runAfter": {},
                  "metadata": {
                    "operationMetadataId": "7634b3c8-a349-40b3-86de-ac204a8f9a05"
                  },
                  "type": "OpenApiConnection",
                  "inputs": {
                    "host": {
                      "connectionName": "shared_commondataserviceforapps",
                      "operationId": "GetItem",
                      "apiId": "/providers/Microsoft.PowerApps/apis/shared_commondataserviceforapps"
                    },
                    "parameters": {
                      "entityName": "new_participantes",
                      "recordId": "@items('Bucle_email')?['_new_participante_value']"
                    },
                    "authentication": "@parameters('$authentication')"
                  }
                },
                "Enviar_email": {
                  "runAfter": {
                    "Obtener_datos_alumnos": [
                      "Succeeded"
                    ]
                  },
                  "metadata": {
                    "operationMetadataId": "522205c9-f45c-4e8f-8171-01efeb28df71"
                  },
                  "type": "OpenApiConnection",
                  "inputs": {
                    "host": {
                      "connectionName": "shared_office365",
                      "operationId": "SendEmailV2",
                      "apiId": "/providers/Microsoft.PowerApps/apis/shared_office365"
                    },
                    "parameters": {
                      "emailMessage/To": "@outputs('Obtener_datos_alumnos')?['body/new_email']",
                      "emailMessage/Subject": "¡Recordatorio torneo!",
                      "emailMessage/Body": "<p>¡Hola @{outputs('Obtener_datos_alumnos')?['body/new_name']}!<br>\nEste es un recordatorio de que tienes el @{items('Bucle_datos')?['cre02_nombre']}&nbsp;mañana.<br>\n¡Te deseamos mucha suerte!</p>",
                      "emailMessage/Importance": "Normal"
                    },
                    "authentication": "@parameters('$authentication')"
                  }
                },
                "Obtener_datos_alumnos": {
                  "runAfter": {
                    "Obtener_datos_participante": [
                      "Succeeded"
                    ]
                  },
                  "metadata": {
                    "operationMetadataId": "02207368-91e5-4454-a2e4-b7da6ecfa8fd"
                  },
                  "type": "OpenApiConnection",
                  "inputs": {
                    "host": {
                      "connectionName": "shared_commondataserviceforapps",
                      "operationId": "GetItem",
                      "apiId": "/providers/Microsoft.PowerApps/apis/shared_commondataserviceforapps"
                    },
                    "parameters": {
                      "entityName": "new_alumnos",
                      "recordId": "@outputs('Obtener_datos_participante')?['body/_new_alumno_value']"
                    },
                    "authentication": "@parameters('$authentication')"
                  }
                }
              },
              "runAfter": {
                "Lista_Inscripcion_torneos": [
                  "Succeeded"
                ]
              },
              "metadata": {
                "operationMetadataId": "23d3ef21-616c-40f0-b506-a4588d204d98"
              },
              "type": "Foreach"
            }
          },
          "runAfter": {
            "Lista_torneos": [
              "Succeeded"
            ]
          },
          "metadata": {
            "operationMetadataId": "af886f19-53e6-4cbd-ad80-ee1b1a2dd31e"
          },
          "type": "Foreach"
        },
        "Variable_fecha": {
          "runAfter": {},
          "metadata": {
            "operationMetadataId": "42fe238e-7355-4d1b-868b-be64ac7f7001"
          },
          "type": "InitializeVariable",
          "inputs": {
            "variables": [
              {
                "name": "FechaBusqueda",
                "type": "string",
                "value": "@{formatDateTime(addDays(utcNow(),1,'yyyy-MM-dd'))}"
              }
            ]
          }
        }
      }
    },
    "templateName": ""
  },
  "schemaVersion": "1.0.0.0"
}