{
  "properties": {
    "connectionReferences": {
      "shared_commondataserviceforapps": {
        "runtimeSource": "embedded",
        "connection": {
          "connectionReferenceLogicalName": "cre02_sharedcommondataserviceforapps_cc68c"
        },
        "api": {
          "name": "shared_commondataserviceforapps"
        }
      },
      "shared_office365": {
        "runtimeSource": "embedded",
        "connection": {
          "connectionReferenceLogicalName": "cre02_sharedoffice365_cff7f"
        },
        "api": {
          "name": "shared_office365"
        }
      }
    },
    "definition": {
      "$schema": "https://schema.management.azure.com/providers/Microsoft.Logic/schemas/2016-06-01/workflowdefinition.json#",
      "contentVersion": "1.0.0.0",
      "parameters": {
        "$connections": {
          "defaultValue": {},
          "type": "Object"
        },
        "$authentication": {
          "defaultValue": {},
          "type": "SecureObject"
        }
      },
      "triggers": {
        "Condición_Campo_nivel_al_editar": {
          "metadata": {
            "operationMetadataId": "b7900e61-ab8c-4093-834a-f30e2b4ffc24"
          },
          "type": "OpenApiConnectionWebhook",
          "inputs": {
            "host": {
              "connectionName": "shared_commondataserviceforapps",
              "operationId": "SubscribeWebhookTrigger",
              "apiId": "/providers/Microsoft.PowerApps/apis/shared_commondataserviceforapps"
            },
            "parameters": {
              "subscriptionRequest/message": 3,
              "subscriptionRequest/entityname": "new_progreso",
              "subscriptionRequest/scope": 4
            },
            "authentication": "@parameters('$authentication')"
          }
        }
      },
      "actions": {
        "Obtener_datos_alumnos": {
          "runAfter": {},
          "metadata": {
            "operationMetadataId": "c072d490-0aeb-43ff-81a2-4664a24ba87e"
          },
          "type": "OpenApiConnection",
          "inputs": {
            "host": {
              "connectionName": "shared_commondataserviceforapps",
              "operationId": "GetItem",
              "apiId": "/providers/Microsoft.PowerApps/apis/shared_commondataserviceforapps"
            },
            "parameters": {
              "entityName": "new_alumnos",
              "recordId": "@triggerOutputs()?['body/_new_alumno_value']"
            },
            "authentication": "@parameters('$authentication')"
          }
        },
        "Enviar_correo_alumno": {
          "runAfter": {
            "Obtener_datos_disciplinas": [
              "Succeeded"
            ]
          },
          "metadata": {
            "operationMetadataId": "ae75b963-453c-4ebd-ba28-4bc2b9aa2568"
          },
          "type": "OpenApiConnection",
          "inputs": {
            "host": {
              "connectionName": "shared_office365",
              "operationId": "SendEmailV2",
              "apiId": "/providers/Microsoft.PowerApps/apis/shared_office365"
            },
            "parameters": {
              "emailMessage/To": "@outputs('Obtener_datos_alumnos')?['body/new_email']",
              "emailMessage/Subject": "¡Has subido de nivel en la disciplina!",
              "emailMessage/Body": "<p>Hola @{outputs('Obtener_datos_alumnos')?['body/new_name']},<br>\n¡Felicidades! Has alcanzado el @{outputs('Obtener_datos_niveles')?['body/cre02_nombre']} en tu progreso de @{outputs('Obtener_datos_disciplinas')?['body/cre02_nombre']}.<br>\n¡Sigue así!</p>",
              "emailMessage/Importance": "Normal"
            },
            "authentication": "@parameters('$authentication')"
          }
        },
        "Obtener_datos_niveles": {
          "runAfter": {
            "Obtener_datos_alumnos": [
              "Succeeded"
            ]
          },
          "metadata": {
            "operationMetadataId": "790c9ed3-4ee4-405d-847f-e0a7acd9cb54"
          },
          "type": "OpenApiConnection",
          "inputs": {
            "host": {
              "connectionName": "shared_commondataserviceforapps",
              "operationId": "GetItem",
              "apiId": "/providers/Microsoft.PowerApps/apis/shared_commondataserviceforapps"
            },
            "parameters": {
              "entityName": "cre02_nivels",
              "recordId": "@triggerOutputs()?['body/_new_nivel_value']"
            },
            "authentication": "@parameters('$authentication')"
          }
        },
        "Obtener_datos_disciplinas": {
          "runAfter": {
            "Obtener_datos_niveles": [
              "Succeeded"
            ]
          },
          "metadata": {
            "operationMetadataId": "02a08bc2-703e-4fd8-a3dc-ec47c0bef712"
          },
          "type": "OpenApiConnection",
          "inputs": {
            "host": {
              "connectionName": "shared_commondataserviceforapps",
              "operationId": "GetItem",
              "apiId": "/providers/Microsoft.PowerApps/apis/shared_commondataserviceforapps"
            },
            "parameters": {
              "entityName": "cre02_disciplinas",
              "recordId": "@triggerOutputs()?['body/_new_disciplina_value']"
            },
            "authentication": "@parameters('$authentication')"
          }
        }
      }
    },
    "templateName": ""
  },
  "schemaVersion": "1.0.0.0"
}